<?xml version="1.0" ?>
<XML_DIZ_INFO>
	<MASTER_PAD_VERSION_INFO>
		<MASTER_PAD_VERSION>3.01</MASTER_PAD_VERSION>
		<MASTER_PAD_EDITOR>PADGen 3.0.1.37 http://www.padgen.org</MASTER_PAD_EDITOR>
		<MASTER_PAD_INFO>Portable Application Description, or PAD for short, is a data set that is used by shareware authors to disseminate information to anyone interested in their software products. To find out more go to http://www.asp-shareware.org/pad</MASTER_PAD_INFO>
	</MASTER_PAD_VERSION_INFO>
	<Company_Info>
		<Company_Name>J. Andrzej Wrotniak</Company_Name>
		<Address_1>2057 Happy Lane</Address_1>
		<Address_2 />
		<City_Town>Crofton</City_Town>
		<State_Province>MD</State_Province>
		<Zip_Postal_Code>21114</Zip_Postal_Code>
		<Country>USA</Country>
		<Company_WebSite_URL>http://www.wrotniak.net</Company_WebSite_URL>
		<Contact_Info>
			<Author_First_Name>J. Andrzej</Author_First_Name>
			<Author_Last_Name>Wrotniak</Author_Last_Name>
			<Author_Email>email@wrotniak.net</Author_Email>
			<Contact_First_Name>Andrzej</Contact_First_Name>
			<Contact_Last_Name>Wrotniak</Contact_Last_Name>
			<Contact_Email>email@wrotniak.net</Contact_Email>
		</Contact_Info>
		<Support_Info>
			<Sales_Email>email@wrotniak.net</Sales_Email>
			<Support_Email>email@wrotniak.net</Support_Email>
			<General_Email>email@wrotniak.net</General_Email>
			<Sales_Phone>000-000-0000</Sales_Phone>
			<Support_Phone>000-000-0000</Support_Phone>
			<General_Phone>000-000-0000</General_Phone>
			<Fax_Phone>000-000-0000</Fax_Phone>
		</Support_Info>
	</Company_Info>
	<Program_Info>
		<Program_Name>Mr. Matt</Program_Name>
		<Program_Version>3.54</Program_Version>
		<Program_Release_Month>06</Program_Release_Month>
		<Program_Release_Day>18</Program_Release_Day>
		<Program_Release_Year>2008</Program_Release_Year>
		<Program_Cost_Dollars>12</Program_Cost_Dollars>
		<Program_Cost_Other_Code />
		<Program_Cost_Other />
		<Program_Type>Shareware</Program_Type>
		<Program_Release_Status>Minor Update</Program_Release_Status>
		<Program_Install_Support>Install and Uninstall</Program_Install_Support>
		<Program_OS_Support>Win95,Win98,WinME,WinNT 4.x,Windows2000,WinXP,Windows2003,Windows Vista Starter,Windows Vista Home Basic,Windows Vista Home Premium,Windows Vista Business,Windows Vista Enterprise,Windows Vista Ultimate,Windows Vista Home Basic x64,Windows Vista Home Premium x64,Windows Vista Business x64,Windows Vista Enterprise x64,Windows Vista Ultimate x64</Program_OS_Support>
		<Program_Language>English,Bulgarian,Chinese,ChineseSimplified,ChineseTraditional,Croatian,Czech,Danish,Dutch,Finnish,French,German,Greek,Hungarian,Icelandic,Indonesian,Italian,Norwegian,Polish,Portuguese,Romanian,Russian,Slovak,Slovenian,Spanish,Swedish,Turkish</Program_Language>
		<Program_Change_Info>Minor improvements, including behavior under Vista</Program_Change_Info>
		<Program_Specific_Category>Games</Program_Specific_Category>
		<Program_Category_Class>Games &amp; Entertainment::Puzzle &amp; Word Games</Program_Category_Class>
		<Program_System_Requirements>3 MB of available disk space</Program_System_Requirements>
		<File_Info>
			<File_Size_Bytes>2325504</File_Size_Bytes>
			<File_Size_K>2271</File_Size_K>
			<File_Size_MB>2.22</File_Size_MB>
		</File_Info>
		<Expire_Info>
			<Has_Expire_Info>N</Has_Expire_Info>
			<Expire_Count />
			<Expire_Based_On>Days</Expire_Based_On>
			<Expire_Other_Info>No expiration, no nags</Expire_Other_Info>
			<Expire_Month />
			<Expire_Day />
			<Expire_Year />
		</Expire_Info>
	</Program_Info>
	<Program_Descriptions>
		<English>
			<Keywords>game, Mr. Matt, puzzle, mind games, Boulderdash, Wrotniak</Keywords>
			<Char_Desc_45>Addictive logic puzzle, son of Boulderdash</Char_Desc_45>
			<Char_Desc_80>An addictive logic puzzle game for Windows, all ages</Char_Desc_80>
			<Char_Desc_250>Addictive puzzle game, similar to to Boulderdash; teen to adult; no gore or violence. Trial version includes 10 games (49 levels), registration offers over 500 extra games (2500 levels) and game editor. Sound effects, worldwide Hall of Champions.</Char_Desc_250>
			<Char_Desc_450>An addictive logic puzzle game for Windows, similar to the classic Boulderdash. Teen to adult, no gore or violence. You are digging caves while eating apples and avoiding falling stones or bombs. 10 games with 49 levels, simple to frustrating, are included; over 500 extra (2500 levels) and game editor available upon registration. Sampled sound effects, supports 24 languages, worldwide Hall of Champions. Trial version has no nags, no expiration.</Char_Desc_450>
			<Char_Desc_2000>An addictive logical puzzle game for Windows, similar to the classic Boulderdash, but with many enhancements and extra touches. Teen to adult age bracket, no gore or violence. You are Mr. Matt, digging caves while eating apples and avoiding falling stones or bombs. The trial version includes 10 games with 49 levels, ranging from simple to frustrating; over 500 extra games (2500 levels written by other players) and game editor are available upon registration. Sampled sound effects and graphics are extensible by the user. Your best results can be matched against others in the Web-based worldwide Hall of Champions. Trial version has no nags and no expiration. The program supports 24 languages (Bulgarian, Chinese, Croatian, Czech, Danish, Dutch, English, French, German, Greek, Hungarian, Icelandic, Indonesian, Italian, Norwegian, Polish, Portuguese, Romanian, Russian, Slovak, Slovene, Spanish, Swedish, and Turkish).</Char_Desc_2000>
		</English>
	</Program_Descriptions>
	<Web_Info>
		<Application_URLs>
			<Application_Info_URL>http://www.wrotniak.net/works/mrmatt/index.html</Application_Info_URL>
			<Application_Order_URL>http://www.wrotniak.net/works/mrmatt/index.html</Application_Order_URL>
			<Application_Screenshot_URL>http://www.wrotniak.net/works/mrmatt/_img/mrmatt.gif</Application_Screenshot_URL>
			<Application_Icon_URL>http://www.wrotniak.net/works/mrmatt/_img/mrm-icon.gif</Application_Icon_URL>
			<Application_XML_File_URL>http://www.wrotniak.net/works/mrmatt/mrmatt.xml</Application_XML_File_URL>
		</Application_URLs>
		<Download_URLs>
			<Primary_Download_URL>http://www.wrotniak.net/works/mrmatt/_zip/mrmatt-inst.exe</Primary_Download_URL>
			<Secondary_Download_URL>http://www.wrotniak.net/works/mrmatt/_zip/mrmatt.zip</Secondary_Download_URL>
			<Additional_Download_URL_1 />
			<Additional_Download_URL_2 />
		</Download_URLs>
	</Web_Info>
	<Permissions>
		<Distribution_Permissions>1. You may include this file on any CD compilation.

2. You must disclose that the product is shareware and that the product is not free.</Distribution_Permissions>
		<EULA>1. You may use the trial version without any time limit on any number of computers, and freely give away any complete copies of the trial version.

2. You may use your registration key on a single computer at a time.

3. This software is copyright (c) 1996-2008 by J. Andrzej Wrotniak. All rights reserved.</EULA>
	</Permissions>
	<ASP>
		<ASP_FORM>Y</ASP_FORM>
		<ASP_Member>N</ASP_Member>
		<ASP_Member_Number />
	</ASP>
</XML_DIZ_INFO>
